Dataset ID,Dataset Name,Primary Modality,Target Organ Systems,Anatomical Structures / Labels,Sample Size / Scale,Primary Disease Taxonomy,Target Medical Specialist,Data Access / Download Link,Licensing,Format,Pre-training / Validation Role
DS-CT-01,TotalSegmentator (v2),3D CT,"Whole Body (Thoracic, Abdominal, Pelvic, Musculoskeletal)","117 organs, bones, vessels, tissue ground-truth masks","1,204 high-res CT volumes","Neoplastic, Traumatic, Vascular, Autoimmune","Radiologist, Surgical Oncologist, Pulmonologist",https://zenodo.org/records/10047292,CC BY 4.0 (Open Access),NIfTI (.nii.gz),Pan-organ spatial segmentation ground-truth benchmark
DS-CT-02,LUNA16 / LIDC-IDRI,3D Low-Dose CT,Thoracic & Respiratory System,"1,018 lung nodule annotations with malignancy agreement",888 CT scans,"Neoplastic, Infectious, Traumatic","Pulmonologist, Radiologist",https://luna16.grand-challenge.org/,Public Benchmark License,MHD / Raw / NIfTI,Pulmonary nodule detection & AUC-ROC classification
DS-CT-03,AbdomenCT-1K,3D CT,"Abdominal System (Liver, Kidneys, Spleen, Pancreas)",4 major abdominal organs under multi-center variations,"1,000+ CT scans","Neoplastic, Infectious, Vascular","Abdominal Radiologist, Oncologist",https://github.com/dwyang/AbdomenCT-1K,Open Research License,NIfTI (.nii.gz),Abdominal multi-organ segmentation benchmarking
DS-CT-04,TCIA TCGA-KIRC (Renal CT),3D Contrast CT,Urinary & Renal System (Kidneys),"Renal cortex, Medulla, Clear cell renal carcinoma lesions",488 volumetric series,"Neoplastic, Autoimmune, Vascular","Oncologist, Nephrologist",https://wiki.cancerimagingarchive.net/display/Public/TCGA-KIRC,TCIA Open Access Data Policy,DICOM,Renal tumor characterization
DS-MRI-01,BraTS 2023 (Brain Tumor Segmentation),"3D Multi-Sequence MRI (T1, T1Gd, T2, FLAIR)",Central Nervous System (Brain),"Enhancing tumor, Non-enhancing core, Peritumoral edema","4,500 volumetric MRI scans","Neoplastic, Neurodegenerative, Demyelinating","Neurologist, Neurosurgeon",https://www.synapse.org/#!Synapse:syn51156910/wiki/622351,Synapse Research License,NIfTI (.nii.gz),3D neuro-oncology sub-region segmentation
DS-MRI-02,TCIA TCGA-LGG / TCGA-GBM,3D Multi-Parametric MRI,Central Nervous System (Brain),"Brain parenchyma, Glioma sub-regions (Enhancing, Edema, Core)","1,000+ volumetric MRI series","Neoplastic, Demyelinating, Traumatic","Neurologist, Neurosurgeon, Oncologist",https://wiki.cancerimagingarchive.net/display/Public/TCGA-LGG,TCIA Open Access Policy,DICOM / NIfTI,Brain soft-tissue tumor classification
DS-MRI-03,TCIA PROSTATEx,"3D Multi-Parametric MRI (T2w, DCE, DWI)",Pelvic & Reproductive System (Prostate),"Prostate peripheral/transition zones, Clinically significant lesions",330 patient studies,"Neoplastic, Autoimmune","Oncologist, Radiologist",https://wiki.cancerimagingarchive.net/display/Public/SPIE-AAPM-NCI+PROSTATEx+Challenges,TCIA Open Access Policy,DICOM,Pelvic multi-sequence lesion localization
DS-MRI-04,IXI Dataset (Information eXtraction from Images),"3D Brain MRI (T1, T2, PD, MRA, DTI)",Central Nervous System (Brain),Normal healthy brain anatomical structures across subjects,nearly 600 MRI volumes,Neurodegenerative Baseline,"Neurologist, Neuroscientist",https://brain-development.org/ixi-dataset/,CC BY-SA 3.0,NIfTI (.nii.gz),Normal brain anatomical representation pre-training
DS-XRAY-01,MIMIC-CXR-JPG (v2.0.0),2D Chest X-Ray,Thoracic & Respiratory System,"14 pathology classes (Pneumonia, Effusion, Atelectasis, etc.)","377,110 X-rays (227,835 studies)","Infectious, Neoplastic, Traumatic, Vascular","Pulmonologist, Infectious Disease Specialist",https://physionet.org/content/mimic-cxr-jpg/2.0.0/,PhysioNet Credentialed License,JPEG / DICOM,Thoracic projection pre-training & zero-shot screening
DS-XRAY-02,NIH ChestX-ray14,2D Chest X-Ray,Thoracic & Respiratory System,14 thoracic disease labels mined via NLP from reports,"112,120 frontal X-rays (30,805 patients)","Infectious, Neoplastic, Vascular","Radiologist, Pulmonologist",https://nihcc.app.box.com/v/ChestXray-NIHCC,Public Domain / NIH License,PNG,2D projection disease classification benchmarking
DS-XRAY-03,CheXpert Dataset,2D Chest X-Ray,Thoracic & Respiratory System,14 observation classes with uncertainty labels,"224,316 chest radiographs (65,240 patients)","Infectious, Traumatic, Vascular","Pulmonologist, Radiologist",https://stanfordmlgroup.github.io/competitions/chexpert/,Stanford University Research License,JPG,Multi-class thoracic screening benchmark
DS-US-01,BUSI (Breast Ultrasound Images Dataset),2D Breast Ultrasound,Mammary & Soft Tissue System,"Normal, Benign, and Malignant breast lesions with masks",780 ultrasound images (600 patients),Neoplastic,"Oncologist, Breast Radiologist",https://www.kaggle.com/datasets/aryashah2k/breast-ultrasound-images-dataset,CC BY 4.0,PNG,Ultrasound soft-tissue tumor classification
DS-US-02,CAMUS (Cardiac Acquisition for Multi-structure Ultrasound),2D Echocardiography (Cardiac Ultrasound),Cardiovascular System (Heart),"Left ventricle endocardium/epicardium, Left atrium masks",500 clinical patient acquisitions,"Vascular, Structural Cardiac","Cardiologist, Vascular Surgeon",https://www.creatis.insa-lyon.fr/Challenge/camus/,CREATIS Open Research License,MHD / Raw,Echocardiogram cardiac chamber segmentation
DS-MAMMO-01,CBIS-DDSM (Curated Breast Imaging DDSM),2D Digital Mammography,Mammary Glandular System,"Calcifications, Masses, ROI bounding boxes, Pathology labels","1,566 cases (6,775 mammography images)",Neoplastic,"Oncologist, Mammographer",https://wiki.cancerimagingarchive.net/display/Public/CBIS-DDSM,TCIA Open Access Policy,DICOM,Mammographic micro-calcification detection
DS-PET-01,TCIA FDG-PET-CT Lesion Dataset (AutoPET),3D Hybrid PET-CT,Whole Body / Systemic,"Metabolically active tumor lesions, SUV uptake maps","1,014 PET-CT studies","Neoplastic, Metastatic","Oncologist, Nuclear Medicine Specialist",https://wiki.cancerimagingarchive.net/display/Public/FDG-PET-CT-Lesions,TCIA Open Access Policy,DICOM,Metabolic multi-organ tumor localization
DS-HIST-01,CAMELYON16 / CAMELYON17,2D Whole Slide Histopathology (WSI),Lymphatic System (Axillary Lymph Nodes),Breast cancer lymph node metastasis annotations,"1,000 WSI slides","Neoplastic, Metastatic","Pathologist, Surgical Oncologist",https://camelyon17.grand-challenge.org/,CC0 / Public Benchmark,TIF / TFF (Gigapixel WSI),Microscopic cellular metastatic tissue analysis
